{
  "best_metric": 0.2286196821379387,
  "best_model_checkpoint": "./results_hybrid/checkpoint-240",
  "epoch": 4.0,
  "eval_steps": 500,
  "global_step": 320,
  "is_hyper_param_search": false,
  "is_local_process_zero": true,
  "is_world_process_zero": true,
  "log_history": [
    {
      "epoch": 1.0,
      "eval_accuracy": 0.3375,
      "eval_f1": 0.1703271028037383,
      "eval_loss": 2.1116180419921875,
      "eval_precision": 0.11390625000000001,
      "eval_recall": 0.3375,
      "eval_runtime": 0.429,
      "eval_samples_per_second": 745.916,
      "eval_steps_per_second": 23.31,
      "step": 80
    },
    {
      "epoch": 2.0,
      "eval_accuracy": 0.3375,
      "eval_f1": 0.1703271028037383,
      "eval_loss": 2.0451416969299316,
      "eval_precision": 0.11390625000000001,
      "eval_recall": 0.3375,
      "eval_runtime": 0.4357,
      "eval_samples_per_second": 734.521,
      "eval_steps_per_second": 22.954,
      "step": 160
    },
    {
      "epoch": 3.0,
      "eval_accuracy": 0.375,
      "eval_f1": 0.2286196821379387,
      "eval_loss": 2.0065999031066895,
      "eval_precision": 0.183436038427506,
      "eval_recall": 0.375,
      "eval_runtime": 0.434,
      "eval_samples_per_second": 737.357,
      "eval_steps_per_second": 23.042,
      "step": 240
    },
    {
      "epoch": 4.0,
      "eval_accuracy": 0.365625,
      "eval_f1": 0.22482508671548426,
      "eval_loss": 1.9838159084320068,
      "eval_precision": 0.16660045937194065,
      "eval_recall": 0.365625,
      "eval_runtime": 0.4144,
      "eval_samples_per_second": 772.266,
      "eval_steps_per_second": 24.133,
      "step": 320
    }
  ],
  "logging_steps": 500,
  "max_steps": 400,
  "num_input_tokens_seen": 0,
  "num_train_epochs": 5,
  "save_steps": 500,
  "total_flos": 0.0,
  "train_batch_size": 16,
  "trial_name": null,
  "trial_params": null
}
